{
  "B25": {
    "A": -0.3331288710960809,
    "C": -5.582297439542229,
    "D": -2.3563529838183275,
    "E": 9.999999999999996,
    "F": 1.5481396442425819,
    "G": -4.54300713802043,
    "H": -3.311483812441997,
    "I": 7.687157053547658,
    "K": -4.671521921636861,
    "L": -3.134114246475603,
    "M": -1.6748569057901062,
    "N": -4.129468050491375,
    "P": -2.5084997900531683,
    "Q": 7.367724044887982,
    "R": -8.444460664332434,
    "S": -0.032671412974396574,
    "T": -10.0,
    "V": -9.194387567435808,
    "W": 1.0017821208126954,
    "Y": -3.6582660797492075
  },
  "B27": {
    "A": -0.3331288710960809,
    "C": -5.582297439542229,
    "D": -2.3563529838183275,
    "E": 9.999999999999996,
    "F": 1.5481396442425819,
    "G": -4.54300713802043,
    "H": -3.311483812441997,
    "I": 7.687157053547658,
    "K": -4.671521921636861,
    "L": -3.134114246475603,
    "M": -1.6748569057901062,
    "N": -4.129468050491375,
    "P": -2.5084997900531683,
    "Q": 7.367724044887982,
    "R": -8.444460664332434,
    "S": -0.032671412974396574,
    "T": -10.0,
    "V": -9.194387567435808,
    "W": 1.0017821208126954,
    "Y": -3.6582660797492075
  },
  "B28": {
    "A": -0.3331288710960809,
    "C": -5.582297439542229,
    "D": -2.3563529838183275,
    "E": 9.999999999999996,
    "F": 1.5481396442425819,
    "G": -4.54300713802043,
    "H": -3.311483812441997,
    "I": 7.687157053547658,
    "K": -4.671521921636861,
    "L": -3.134114246475603,
    "M": -1.6748569057901062,
    "N": -4.129468050491375,
    "P": -2.5084997900531683,
    "Q": 7.367724044887982,
    "R": -8.444460664332434,
    "S": -0.032671412974396574,
    "T": -10.0,
    "V": -9.194387567435808,
    "W": 1.0017821208126954,
    "Y": -3.6582660797492075
  },
  "B347": {
    "A": -0.3331288710960809,
    "C": -5.582297439542229,
    "D": -2.3563529838183275,
    "E": 9.999999999999996,
    "F": 1.5481396442425819,
    "G": -4.54300713802043,
    "H": -3.311483812441997,
    "I": 7.687157053547658,
    "K": -4.671521921636861,
    "L": -3.134114246475603,
    "M": -1.6748569057901062,
    "N": -4.129468050491375,
    "P": -2.5084997900531683,
    "Q": 7.367724044887982,
    "R": -8.444460664332434,
    "S": -0.032671412974396574,
    "T": -10.0,
    "V": -9.194387567435808,
    "W": 1.0017821208126954,
    "Y": -3.6582660797492075
  }
}